stat,value
alpha,0.2
std,1706.499615733833
freedom_coef,8523.0
z_score,1.2816509028381635
